weekend,rank,destination,airport,google_total,currency,passengers,outbound_example,outbound_stops,checked_at,google_search_url
19–21 Sep,1,Porto,OPO,99.0,EUR,1,TP1922 LIS-OPO 08:05-09:00,0,2026-09-09T08:51:44+01:00,https://www.google.com/travel/flights/search?tfs=Gh4SCjIwMjYtMDktMTkoAUAGagUSA0xJU3IFEgNPUE8aHhIKMjAyNi0wOS0yMSgBQBBqBRIDT1BPcgUSA0xJU0IBAUgBiAEBmAEB&hl=en&gl=PT&curr=EUR
19–21 Sep,2,Málaga,AGP,104.0,EUR,1,FR6627 LIS-AGP 20:30-22:45,0,2026-09-09T08:51:45+01:00,https://www.google.com/travel/flights/search?tfs=Gh4SCjIwMjYtMDktMTkoAUAGagUSA0xJU3IFEgNBR1AaHhIKMjAyNi0wOS0yMSgBQBBqBRIDQUdQcgUSA0xJU0IBAUgBiAEBmAEB&hl=en&gl=PT&curr=EUR
19–21 Sep,3,Madrid,MAD,114.0,EUR,1,U27651 LIS-MAD 07:00-09:15,0,2026-09-09T08:51:45+01:00,https://www.google.com/travel/flights/search?tfs=Gh4SCjIwMjYtMDktMTkoAUAGagUSA0xJU3IFEgNNQUQaHhIKMjAyNi0wOS0yMSgBQBBqBRIDTUFEcgUSA0xJU0IBAUgBiAEBmAEB&hl=en&gl=PT&curr=EUR
19–21 Sep,4,Valencia,VLC,115.0,EUR,1,FR7577 LIS-VLC 20:15-22:50,0,2026-09-09T08:51:45+01:00,https://www.google.com/travel/flights/search?tfs=Gh4SCjIwMjYtMDktMTkoAUAGagUSA0xJU3IFEgNWTEMaHhIKMjAyNi0wOS0yMSgBQBBqBRIDVkxDcgUSA0xJU0IBAUgBiAEBmAEB&hl=en&gl=PT&curr=EUR
19–21 Sep,5,Nantes,NTE,119.0,EUR,1,U27609 LIS-NTE 10:55-13:50,0,2026-09-09T08:51:49+01:00,https://www.google.com/travel/flights/search?tfs=Gh4SCjIwMjYtMDktMTkoAUAGagUSA0xJU3IFEgNOVEUaHhIKMjAyNi0wOS0yMSgBQBBqBRIDTlRFcgUSA0xJU0IBAUgBiAEBmAEB&hl=en&gl=PT&curr=EUR
25–28 Sep,1,Nantes,NTE,106.0,EUR,1,U24764 LIS-NTE 19:30-22:15,0,2026-09-09T08:52:17+01:00,https://www.google.com/travel/flights/search?tfs=Gh4SCjIwMjYtMDktMjUoAUAQagUSA0xJU3IFEgNOVEUaHhIKMjAyNi0wOS0yOCgBQBBqBRIDTlRFcgUSA0xJU0IBAUgBiAEBmAEB&hl=en&gl=PT&curr=EUR
25–28 Sep,2,Madrid,MAD,131.0,EUR,1,U27689 LIS-MAD 18:50-21:10,0,2026-09-09T08:52:12+01:00,https://www.google.com/travel/flights/search?tfs=Gh4SCjIwMjYtMDktMjUoAUAQagUSA0xJU3IFEgNNQUQaHhIKMjAyNi0wOS0yOCgBQBBqBRIDTUFEcgUSA0xJU0IBAUgBiAEBmAEB&hl=en&gl=PT&curr=EUR
25–28 Sep,3,Lyon,LYS,138.0,EUR,1,U24426 LIS-LYS 19:50-23:10,0,2026-09-09T08:52:17+01:00,https://www.google.com/travel/flights/search?tfs=Gh4SCjIwMjYtMDktMjUoAUAQagUSA0xJU3IFEgNMWVMaHhIKMjAyNi0wOS0yOCgBQBBqBRIDTFlTcgUSA0xJU0IBAUgBiAEBmAEB&hl=en&gl=PT&curr=EUR
25–28 Sep,4,Geneva,GVA,138.0,EUR,1,UX1156 LIS-MAD 16:05-18:20 / UX1663 MAD-GVA 07:50-09:45,1,2026-09-09T08:52:26+01:00,https://www.google.com/travel/flights/search?tfs=Gh4SCjIwMjYtMDktMjUoAUAQagUSA0xJU3IFEgNHVkEaHhIKMjAyNi0wOS0yOCgBQBBqBRIDR1ZBcgUSA0xJU0IBAUgBiAEBmAEB&hl=en&gl=PT&curr=EUR
25–28 Sep,5,Porto,OPO,142.0,EUR,1,TP1934 LIS-OPO 19:30-20:25,0,2026-09-09T08:52:11+01:00,https://www.google.com/travel/flights/search?tfs=Gh4SCjIwMjYtMDktMjUoAUAQagUSA0xJU3IFEgNPUE8aHhIKMjAyNi0wOS0yOCgBQBBqBRIDT1BPcgUSA0xJU0IBAUgBiAEBmAEB&hl=en&gl=PT&curr=EUR
2–5 Oct,1,Porto,OPO,99.0,EUR,1,TP1934 LIS-OPO 19:30-20:25,0,2026-09-09T08:52:38+01:00,https://www.google.com/travel/flights/search?tfs=Gh4SCjIwMjYtMTAtMDIoAUAQagUSA0xJU3IFEgNPUE8aHhIKMjAyNi0xMC0wNSgBQBBqBRIDT1BPcgUSA0xJU0IBAUgBiAEBmAEB&hl=en&gl=PT&curr=EUR
2–5 Oct,2,Luxembourg,LUX,175.0,EUR,1,LX2087 LIS-ZRH 18:20-22:15 / LX750 ZRH-LUX 08:30-09:30,1,2026-09-09T08:52:50+01:00,https://www.google.com/travel/flights/search?tfs=Gh4SCjIwMjYtMTAtMDIoAUAQagUSA0xJU3IFEgNMVVgaHhIKMjAyNi0xMC0wNSgBQBBqBRIDTFVYcgUSA0xJU0IBAUgBiAEBmAEB&hl=en&gl=PT&curr=EUR
2–5 Oct,3,Nice,NCE,184.0,EUR,1,LX2087 LIS-ZRH 18:20-22:15 / LX562 ZRH-NCE 07:05-08:15,1,2026-09-09T08:52:42+01:00,https://www.google.com/travel/flights/search?tfs=Gh4SCjIwMjYtMTAtMDIoAUAQagUSA0xJU3IFEgNOQ0UaHhIKMjAyNi0xMC0wNSgBQBBqBRIDTkNFcgUSA0xJU0IBAUgBiAEBmAEB&hl=en&gl=PT&curr=EUR
2–5 Oct,4,Nantes,NTE,193.0,EUR,1,U24764 LIS-NTE 19:30-22:15,0,2026-09-09T08:52:44+01:00,https://www.google.com/travel/flights/search?tfs=Gh4SCjIwMjYtMTAtMDIoAUAQagUSA0xJU3IFEgNOVEUaHhIKMjAyNi0xMC0wNSgBQBBqBRIDTlRFcgUSA0xJU0IBAUgBiAEBmAEB&hl=en&gl=PT&curr=EUR
2–5 Oct,5,Lyon,LYS,218.0,EUR,1,U27599 LIS-LYS 17:25-20:45,0,2026-09-09T08:52:43+01:00,https://www.google.com/travel/flights/search?tfs=Gh4SCjIwMjYtMTAtMDIoAUAQagUSA0xJU3IFEgNMWVMaHhIKMjAyNi0xMC0wNSgBQBBqBRIDTFlTcgUSA0xJU0IBAUgBiAEBmAEB&hl=en&gl=PT&curr=EUR
9–12 Oct,1,Madrid,MAD,85.0,EUR,1,U27689 LIS-MAD 18:50-21:10,0,2026-09-09T08:53:06+01:00,https://www.google.com/travel/flights/search?tfs=Gh4SCjIwMjYtMTAtMDkoAUAQagUSA0xJU3IFEgNNQUQaHhIKMjAyNi0xMC0xMigBQBBqBRIDTUFEcgUSA0xJU0IBAUgBiAEBmAEB&hl=en&gl=PT&curr=EUR
9–12 Oct,2,Nantes,NTE,92.0,EUR,1,U24764 LIS-NTE 19:30-22:15,0,2026-09-09T08:53:11+01:00,https://www.google.com/travel/flights/search?tfs=Gh4SCjIwMjYtMTAtMDkoAUAQagUSA0xJU3IFEgNOVEUaHhIKMjAyNi0xMC0xMigBQBBqBRIDTlRFcgUSA0xJU0IBAUgBiAEBmAEB&hl=en&gl=PT&curr=EUR
9–12 Oct,3,Porto,OPO,99.0,EUR,1,TP1932 LIS-OPO 18:00-18:55,0,2026-09-09T08:53:06+01:00,https://www.google.com/travel/flights/search?tfs=Gh4SCjIwMjYtMTAtMDkoAUAQagUSA0xJU3IFEgNPUE8aHhIKMjAyNi0xMC0xMigBQBBqBRIDT1BPcgUSA0xJU0IBAUgBiAEBmAEB&hl=en&gl=PT&curr=EUR
9–12 Oct,4,Bilbao,BIO,99.0,EUR,1,VY2701 LIS-BIO 16:20-18:55,0,2026-09-09T08:53:08+01:00,https://www.google.com/travel/flights/search?tfs=Gh4SCjIwMjYtMTAtMDkoAUAQagUSA0xJU3IFEgNCSU8aHhIKMjAyNi0xMC0xMigBQBBqBRIDQklPcgUSA0xJU0IBAUgBiAEBmAEB&hl=en&gl=PT&curr=EUR
9–12 Oct,5,Málaga,AGP,100.0,EUR,1,FR3682 LIS-AGP 22:30-00:45,0,2026-09-09T08:53:07+01:00,https://www.google.com/travel/flights/search?tfs=Gh4SCjIwMjYtMTAtMDkoAUAQagUSA0xJU3IFEgNBR1AaHhIKMjAyNi0xMC0xMigBQBBqBRIDQUdQcgUSA0xJU0IBAUgBiAEBmAEB&hl=en&gl=PT&curr=EUR
16–19 Oct,1,Málaga,AGP,54.0,EUR,1,FR3682 LIS-AGP 22:30-00:45,0,2026-09-09T08:53:33+01:00,https://www.google.com/travel/flights/search?tfs=Gh4SCjIwMjYtMTAtMTYoAUAUagUSA0xJU3IFEgNBR1AaHhIKMjAyNi0xMC0xOSgBQBBqBRIDQUdQcgUSA0xJU0IBAUgBiAEBmAEB&hl=en&gl=PT&curr=EUR
16–19 Oct,2,Madrid,MAD,71.0,EUR,1,UX1160 LIS-MAD 20:05-22:20,0,2026-09-09T08:53:32+01:00,https://www.google.com/travel/flights/search?tfs=Gh4SCjIwMjYtMTAtMTYoAUAUagUSA0xJU3IFEgNNQUQaHhIKMjAyNi0xMC0xOSgBQBBqBRIDTUFEcgUSA0xJU0IBAUgBiAEBmAEB&hl=en&gl=PT&curr=EUR
16–19 Oct,3,Valencia,VLC,126.0,EUR,1,UX1160 LIS-MAD 20:05-22:20 / UX4063 MAD-VLC 07:10-08:10,1,2026-09-09T08:53:33+01:00,https://www.google.com/travel/flights/search?tfs=Gh4SCjIwMjYtMTAtMTYoAUAUagUSA0xJU3IFEgNWTEMaHhIKMjAyNi0xMC0xOSgBQBBqBRIDVkxDcgUSA0xJU0IBAUgBiAEBmAEB&hl=en&gl=PT&curr=EUR
16–19 Oct,4,Alicante,ALC,127.0,EUR,1,UX1160 LIS-MAD 20:05-22:20 / UX4047 MAD-ALC 07:00-08:10,1,2026-09-09T08:53:34+01:00,https://www.google.com/travel/flights/search?tfs=Gh4SCjIwMjYtMTAtMTYoAUAUagUSA0xJU3IFEgNBTEMaHhIKMjAyNi0xMC0xOSgBQBBqBRIDQUxDcgUSA0xJU0IBAUgBiAEBmAEB&hl=en&gl=PT&curr=EUR
16–19 Oct,5,Bilbao,BIO,134.0,EUR,1,UX1160 LIS-MAD 20:05-22:20 / UX7153 MAD-BIO 14:55-15:55,1,2026-09-09T08:53:33+01:00,https://www.google.com/travel/flights/search?tfs=Gh4SCjIwMjYtMTAtMTYoAUAUagUSA0xJU3IFEgNCSU8aHhIKMjAyNi0xMC0xOSgBQBBqBRIDQklPcgUSA0xJU0IBAUgBiAEBmAEB&hl=en&gl=PT&curr=EUR
23–25 Oct,1,Madrid,MAD,91.0,EUR,1,UX1156 LIS-MAD 16:05-18:20,0,2026-09-09T08:53:52+01:00,https://www.google.com/travel/flights/search?tfs=Gh4SCjIwMjYtMTAtMjMoAUAQagUSA0xJU3IFEgNNQUQaHhIKMjAyNi0xMC0yNSgBQA5qBRIDTUFEcgUSA0xJU0IBAUgBiAEBmAEB&hl=en&gl=PT&curr=EUR
23–25 Oct,2,Barcelona,BCN,96.0,EUR,1,VY8463 LIS-BCN 21:15-00:10,0,2026-09-09T08:53:52+01:00,https://www.google.com/travel/flights/search?tfs=Gh4SCjIwMjYtMTAtMjMoAUAQagUSA0xJU3IFEgNCQ04aHhIKMjAyNi0xMC0yNSgBQA5qBRIDQkNOcgUSA0xJU0IBAUgBiAEBmAEB&hl=en&gl=PT&curr=EUR
23–25 Oct,3,London Stansted,STN,98.0,EUR,1,FR1885 LIS-STN 21:40-00:25,0,2026-09-09T08:54:00+01:00,https://www.google.com/travel/flights/search?tfs=Gh4SCjIwMjYtMTAtMjMoAUAQagUSA0xJU3IFEgNTVE4aHhIKMjAyNi0xMC0yNSgBQA5qBRIDU1ROcgUSA0xJU0IBAUgBiAEBmAEB&hl=en&gl=PT&curr=EUR
23–25 Oct,4,Madeira,FNC,107.0,EUR,1,FR88 LIS-FNC 17:30-19:20,0,2026-09-09T08:53:51+01:00,https://www.google.com/travel/flights/search?tfs=Gh4SCjIwMjYtMTAtMjMoAUAQagUSA0xJU3IFEgNGTkMaHhIKMjAyNi0xMC0yNSgBQA5qBRIDRk5DcgUSA0xJU0IBAUgBiAEBmAEB&hl=en&gl=PT&curr=EUR
23–25 Oct,5,Dublin,DUB,109.0,EUR,1,FR7137 LIS-DUB 22:30-01:15,0,2026-09-09T08:54:01+01:00,https://www.google.com/travel/flights/search?tfs=Gh4SCjIwMjYtMTAtMjMoAUAQagUSA0xJU3IFEgNEVUIaHhIKMjAyNi0xMC0yNSgBQA5qBRIDRFVCcgUSA0xJU0IBAUgBiAEBmAEB&hl=en&gl=PT&curr=EUR
30 Oct–2 Nov,1,Seville,SVQ,45.0,EUR,1,FR3628 LIS-SVQ 21:05-23:10,0,2026-09-09T08:54:16+01:00,https://www.google.com/travel/flights/search?tfs=Gh4SCjIwMjYtMTAtMzAoAUAUagUSA0xJU3IFEgNTVlEaHhIKMjAyNi0xMS0wMigBQBBqBRIDU1ZRcgUSA0xJU0IBAUgBiAEBmAEB&hl=en&gl=PT&curr=EUR
30 Oct–2 Nov,2,Madrid,MAD,53.0,EUR,1,FR9441 LIS-MAD 20:15-22:40,0,2026-09-09T08:54:15+01:00,https://www.google.com/travel/flights/search?tfs=Gh4SCjIwMjYtMTAtMzAoAUAUagUSA0xJU3IFEgNNQUQaHhIKMjAyNi0xMS0wMigBQBBqBRIDTUFEcgUSA0xJU0IBAUgBiAEBmAEB&hl=en&gl=PT&curr=EUR
30 Oct–2 Nov,3,Madeira,FNC,72.0,EUR,1,FR387 LIS-FNC 22:25-00:15,0,2026-09-09T08:54:14+01:00,https://www.google.com/travel/flights/search?tfs=Gh4SCjIwMjYtMTAtMzAoAUAUagUSA0xJU3IFEgNGTkMaHhIKMjAyNi0xMS0wMigBQBBqBRIDRk5DcgUSA0xJU0IBAUgBiAEBmAEB&hl=en&gl=PT&curr=EUR
30 Oct–2 Nov,4,Bergamo,BGY,89.0,EUR,1,FR2086 LIS-BGY 21:00-00:50,0,2026-09-09T08:54:18+01:00,https://www.google.com/travel/flights/search?tfs=Gh4SCjIwMjYtMTAtMzAoAUAUagUSA0xJU3IFEgNCR1kaHhIKMjAyNi0xMS0wMigBQBBqBRIDQkdZcgUSA0xJU0IBAUgBiAEBmAEB&hl=en&gl=PT&curr=EUR
30 Oct–2 Nov,5,Barcelona,BCN,91.0,EUR,1,VY1155 LIS-BCN 21:05-23:59,0,2026-09-09T08:54:15+01:00,https://www.google.com/travel/flights/search?tfs=Gh4SCjIwMjYtMTAtMzAoAUAUagUSA0xJU3IFEgNCQ04aHhIKMjAyNi0xMS0wMigBQBBqBRIDQkNOcgUSA0xJU0IBAUgBiAEBmAEB&hl=en&gl=PT&curr=EUR
6–9 Nov,1,Seville,SVQ,52.0,EUR,1,FR3628 LIS-SVQ 21:05-23:10,0,2026-09-09T08:54:33+01:00,https://www.google.com/travel/flights/search?tfs=Gh4SCjIwMjYtMTEtMDYoAUAQagUSA0xJU3IFEgNTVlEaHhIKMjAyNi0xMS0wOSgBQBBqBRIDU1ZRcgUSA0xJU0IBAUgBiAEBmAEB&hl=en&gl=PT&curr=EUR
6–9 Nov,2,Madeira,FNC,53.0,EUR,1,FR387 LIS-FNC 22:25-00:15,0,2026-09-09T08:54:31+01:00,https://www.google.com/travel/flights/search?tfs=Gh4SCjIwMjYtMTEtMDYoAUAQagUSA0xJU3IFEgNGTkMaHhIKMjAyNi0xMS0wOSgBQBBqBRIDRk5DcgUSA0xJU0IBAUgBiAEBmAEB&hl=en&gl=PT&curr=EUR
6–9 Nov,3,Barcelona,BCN,57.0,EUR,1,U27681 LIS-BCN 18:25-21:20,0,2026-09-09T08:54:32+01:00,https://www.google.com/travel/flights/search?tfs=Gh4SCjIwMjYtMTEtMDYoAUAQagUSA0xJU3IFEgNCQ04aHhIKMjAyNi0xMS0wOSgBQBBqBRIDQkNOcgUSA0xJU0IBAUgBiAEBmAEB&hl=en&gl=PT&curr=EUR
6–9 Nov,4,Madrid,MAD,59.0,EUR,1,U27651 LIS-MAD 19:10-21:35,0,2026-09-09T08:54:32+01:00,https://www.google.com/travel/flights/search?tfs=Gh4SCjIwMjYtMTEtMDYoAUAQagUSA0xJU3IFEgNNQUQaHhIKMjAyNi0xMS0wOSgBQBBqBRIDTUFEcgUSA0xJU0IBAUgBiAEBmAEB&hl=en&gl=PT&curr=EUR
6–9 Nov,5,London Luton,LTN,65.0,EUR,1,U22462 LIS-LTN 18:50-21:35,0,2026-09-09T08:54:37+01:00,https://www.google.com/travel/flights/search?tfs=Gh4SCjIwMjYtMTEtMDYoAUAQagUSA0xJU3IFEgNMVE4aHhIKMjAyNi0xMS0wOSgBQBBqBRIDTFROcgUSA0xJU0IBAUgBiAEBmAEB&hl=en&gl=PT&curr=EUR
20–23 Nov,1,Madrid,MAD,49.0,EUR,1,FR9441 LIS-MAD 20:15-22:40,0,2026-09-09T08:54:46+01:00,https://www.google.com/travel/flights/search?tfs=Gh4SCjIwMjYtMTEtMjAoAUAQagUSA0xJU3IFEgNNQUQaHhIKMjAyNi0xMS0yMygBQBBqBRIDTUFEcgUSA0xJU0IBAUgBiAEBmAEB&hl=en&gl=PT&curr=EUR
20–23 Nov,2,Madeira,FNC,58.0,EUR,1,U27621 LIS-FNC 17:45-19:35,0,2026-09-09T08:57:48+01:00,https://www.google.com/travel/flights/search?tfs=Gh4SCjIwMjYtMTEtMjAoAUAQagUSA0xJU3IFEgNGTkMaHhIKMjAyNi0xMS0yMygBQBBqBRIDRk5DcgUSA0xJU0IBAUgBiAEBmAEB&hl=en&gl=PT&curr=EUR
20–23 Nov,3,Seville,SVQ,59.0,EUR,1,FR3628 LIS-SVQ 21:05-23:10,0,2026-09-09T08:54:47+01:00,https://www.google.com/travel/flights/search?tfs=Gh4SCjIwMjYtMTEtMjAoAUAQagUSA0xJU3IFEgNTVlEaHhIKMjAyNi0xMS0yMygBQBBqBRIDU1ZRcgUSA0xJU0IBAUgBiAEBmAEB&hl=en&gl=PT&curr=EUR
20–23 Nov,4,Geneva,GVA,64.0,EUR,1,U21466 LIS-GVA 18:50-22:20,0,2026-09-09T08:56:46+01:00,https://www.google.com/travel/flights/search?tfs=Gh4SCjIwMjYtMTEtMjAoAUAQagUSA0xJU3IFEgNHVkEaHhIKMjAyNi0xMS0yMygBQBBqBRIDR1ZBcgUSA0xJU0IBAUgBiAEBmAEB&hl=en&gl=PT&curr=EUR
20–23 Nov,5,Milan Malpensa,MXP,69.0,EUR,1,U27697 LIS-MXP 16:35-20:20,0,2026-09-09T08:54:49+01:00,https://www.google.com/travel/flights/search?tfs=Gh4SCjIwMjYtMTEtMjAoAUAQagUSA0xJU3IFEgNNWFAaHhIKMjAyNi0xMS0yMygBQBBqBRIDTVhQcgUSA0xJU0IBAUgBiAEBmAEB&hl=en&gl=PT&curr=EUR
27–30 Nov,1,Madrid,MAD,64.0,EUR,1,U27651 LIS-MAD 19:10-21:35,0,2026-09-09T08:54:59+01:00,https://www.google.com/travel/flights/search?tfs=Gh4SCjIwMjYtMTEtMjcoAUAQagUSA0xJU3IFEgNNQUQaHhIKMjAyNi0xMS0zMCgBQBBqBRIDTUFEcgUSA0xJU0IBAUgBiAEBmAEB&hl=en&gl=PT&curr=EUR
27–30 Nov,2,Madeira,FNC,64.0,EUR,1,U27621 LIS-FNC 17:45-19:35,0,2026-09-09T08:54:59+01:00,https://www.google.com/travel/flights/search?tfs=Gh4SCjIwMjYtMTEtMjcoAUAQagUSA0xJU3IFEgNGTkMaHhIKMjAyNi0xMS0zMCgBQBBqBRIDRk5DcgUSA0xJU0IBAUgBiAEBmAEB&hl=en&gl=PT&curr=EUR
27–30 Nov,3,Barcelona,BCN,72.0,EUR,1,U27681 LIS-BCN 18:25-21:20,0,2026-09-09T08:54:59+01:00,https://www.google.com/travel/flights/search?tfs=Gh4SCjIwMjYtMTEtMjcoAUAQagUSA0xJU3IFEgNCQ04aHhIKMjAyNi0xMS0zMCgBQBBqBRIDQkNOcgUSA0xJU0IBAUgBiAEBmAEB&hl=en&gl=PT&curr=EUR
27–30 Nov,4,Porto,OPO,74.0,EUR,1,TP1932 LIS-OPO 17:00-18:00,0,2026-09-09T08:54:59+01:00,https://www.google.com/travel/flights/search?tfs=Gh4SCjIwMjYtMTEtMjcoAUAQagUSA0xJU3IFEgNPUE8aHhIKMjAyNi0xMS0zMCgBQBBqBRIDT1BPcgUSA0xJU0IBAUgBiAEBmAEB&hl=en&gl=PT&curr=EUR
27–30 Nov,5,Nice,NCE,74.0,EUR,1,U27617 LIS-NCE 17:00-20:30,0,2026-09-09T08:55:01+01:00,https://www.google.com/travel/flights/search?tfs=Gh4SCjIwMjYtMTEtMjcoAUAQagUSA0xJU3IFEgNOQ0UaHhIKMjAyNi0xMS0zMCgBQBBqBRIDTkNFcgUSA0xJU0IBAUgBiAEBmAEB&hl=en&gl=PT&curr=EUR
4–7 Dec,1,Madrid,MAD,60.0,EUR,1,IB538 LIS-MAD 20:45-23:10,0,2026-09-09T08:55:12+01:00,https://www.google.com/travel/flights/search?tfs=Gh4SCjIwMjYtMTItMDQoAUAQagUSA0xJU3IFEgNNQUQaHhIKMjAyNi0xMi0wNygBQBBqBRIDTUFEcgUSA0xJU0IBAUgBiAEBmAEB&hl=en&gl=PT&curr=EUR
4–7 Dec,2,Barcelona,BCN,62.0,EUR,1,U27681 LIS-BCN 18:25-21:20,0,2026-09-09T08:55:12+01:00,https://www.google.com/travel/flights/search?tfs=Gh4SCjIwMjYtMTItMDQoAUAQagUSA0xJU3IFEgNCQ04aHhIKMjAyNi0xMi0wNygBQBBqBRIDQkNOcgUSA0xJU0IBAUgBiAEBmAEB&hl=en&gl=PT&curr=EUR
4–7 Dec,3,Nice,NCE,73.0,EUR,1,U27617 LIS-NCE 17:00-20:30,0,2026-09-09T08:57:12+01:00,https://www.google.com/travel/flights/search?tfs=Gh4SCjIwMjYtMTItMDQoAUAQagUSA0xJU3IFEgNOQ0UaHhIKMjAyNi0xMi0wNygBQBBqBRIDTkNFcgUSA0xJU0IBAUgBiAEBmAEB&hl=en&gl=PT&curr=EUR
4–7 Dec,4,Seville,SVQ,77.0,EUR,1,FR3628 LIS-SVQ 21:05-23:10,0,2026-09-09T08:58:11+01:00,https://www.google.com/travel/flights/search?tfs=Gh4SCjIwMjYtMTItMDQoAUAQagUSA0xJU3IFEgNTVlEaHhIKMjAyNi0xMi0wNygBQBBqBRIDU1ZRcgUSA0xJU0IBAUgBiAEBmAEB&hl=en&gl=PT&curr=EUR
4–7 Dec,5,London Gatwick,LGW,90.0,EUR,1,U28512 LIS-LGW 16:45-19:30,0,2026-09-09T08:55:16+01:00,https://www.google.com/travel/flights/search?tfs=Gh4SCjIwMjYtMTItMDQoAUAQagUSA0xJU3IFEgNMR1caHhIKMjAyNi0xMi0wNygBQBBqBRIDTEdXcgUSA0xJU0IBAUgBiAEBmAEB&hl=en&gl=PT&curr=EUR
11–14 Dec,1,Seville,SVQ,45.0,EUR,1,FR3628 LIS-SVQ 21:05-23:10,0,2026-09-09T08:55:29+01:00,https://www.google.com/travel/flights/search?tfs=Gh4SCjIwMjYtMTItMTEoAUALagUSA0xJU3IFEgNTVlEaHhIKMjAyNi0xMi0xNCgBQA5qBRIDU1ZRcgUSA0xJU0IBAUgBiAEBmAEB&hl=en&gl=PT&curr=EUR
11–14 Dec,2,Madrid,MAD,51.0,EUR,1,UX1156 LIS-MAD 16:05-18:20,0,2026-09-09T08:55:29+01:00,https://www.google.com/travel/flights/search?tfs=Gh4SCjIwMjYtMTItMTEoAUALagUSA0xJU3IFEgNNQUQaHhIKMjAyNi0xMi0xNCgBQA5qBRIDTUFEcgUSA0xJU0IBAUgBiAEBmAEB&hl=en&gl=PT&curr=EUR
11–14 Dec,3,Barcelona,BCN,57.0,EUR,1,U27681 LIS-BCN 18:25-21:20,0,2026-09-09T08:55:29+01:00,https://www.google.com/travel/flights/search?tfs=Gh4SCjIwMjYtMTItMTEoAUALagUSA0xJU3IFEgNCQ04aHhIKMjAyNi0xMi0xNCgBQA5qBRIDQkNOcgUSA0xJU0IBAUgBiAEBmAEB&hl=en&gl=PT&curr=EUR
11–14 Dec,4,Bilbao,BIO,58.0,EUR,1,VY6503 LIS-BIO 13:50-16:30,0,2026-09-09T08:55:29+01:00,https://www.google.com/travel/flights/search?tfs=Gh4SCjIwMjYtMTItMTEoAUALagUSA0xJU3IFEgNCSU8aHhIKMjAyNi0xMi0xNCgBQA5qBRIDQklPcgUSA0xJU0IBAUgBiAEBmAEB&hl=en&gl=PT&curr=EUR
11–14 Dec,5,Madeira,FNC,58.0,EUR,1,U27621 LIS-FNC 17:45-19:35,0,2026-09-09T08:55:28+01:00,https://www.google.com/travel/flights/search?tfs=Gh4SCjIwMjYtMTItMTEoAUALagUSA0xJU3IFEgNGTkMaHhIKMjAyNi0xMi0xNCgBQA5qBRIDRk5DcgUSA0xJU0IBAUgBiAEBmAEB&hl=en&gl=PT&curr=EUR
17–23 Dec,1,Madrid,MAD,50.0,EUR,1,U27651 LIS-MAD 19:10-21:35,0,2026-09-09T08:58:01+01:00,https://www.google.com/travel/flights/search?tfs=Gh4SCjIwMjYtMTItMTcoAUARagUSA0xJU3IFEgNNQUQaHhIKMjAyNi0xMi0yMygBQAxqBRIDTUFEcgUSA0xJU0IBAUgBiAEBmAEB&hl=en&gl=PT&curr=EUR
17–23 Dec,2,Porto,OPO,74.0,EUR,1,TP1934 LIS-OPO 18:00-19:00,0,2026-09-09T08:58:01+01:00,https://www.google.com/travel/flights/search?tfs=Gh4SCjIwMjYtMTItMTcoAUARagUSA0xJU3IFEgNPUE8aHhIKMjAyNi0xMi0yMygBQAxqBRIDT1BPcgUSA0xJU0IBAUgBiAEBmAEB&hl=en&gl=PT&curr=EUR
17–23 Dec,3,Marrakech,RAK,82.0,EUR,1,U27675 LIS-RAK 17:00-18:35,0,2026-09-09T08:55:57+01:00,https://www.google.com/travel/flights/search?tfs=Gh4SCjIwMjYtMTItMTcoAUARagUSA0xJU3IFEgNSQUsaHhIKMjAyNi0xMi0yMygBQAxqBRIDUkFLcgUSA0xJU0IBAUgBiAEBmAEB&hl=en&gl=PT&curr=EUR
17–23 Dec,4,Barcelona,BCN,85.0,EUR,1,VY1153 LIS-BCN 19:00-21:55,0,2026-09-09T08:55:45+01:00,https://www.google.com/travel/flights/search?tfs=Gh4SCjIwMjYtMTItMTcoAUARagUSA0xJU3IFEgNCQ04aHhIKMjAyNi0xMi0yMygBQAxqBRIDQkNOcgUSA0xJU0IBAUgBiAEBmAEB&hl=en&gl=PT&curr=EUR
17–23 Dec,5,Bordeaux,BOD,99.0,EUR,1,U27605 LIS-BOD 19:00-21:55,0,2026-09-09T08:55:47+01:00,https://www.google.com/travel/flights/search?tfs=Gh4SCjIwMjYtMTItMTcoAUARagUSA0xJU3IFEgNCT0QaHhIKMjAyNi0xMi0yMygBQAxqBRIDQk9EcgUSA0xJU0IBAUgBiAEBmAEB&hl=en&gl=PT&curr=EUR
